date,Z,day_true,sig
2021-12-30,-243.87728312679002,1,True
2022-01-02,-292.4942801674909,1,True
2022-01-03,-388.5834818626707,1,True
2022-01-04,-291.50245549572696,1,True
2022-01-05,-306.24955509735565,1,True
2022-01-06,-348.4616204414939,1,True
2022-01-09,-362.15410169429884,1,True
2022-01-10,-370.803205746174,1,True
2022-01-11,-430.6070723023064,1,True
2022-01-12,-409.54248372628626,1,True
2022-01-13,-362.1832640052741,1,True
2022-01-16,-390.8795614080819,1,True
2022-01-17,-262.2620066970827,1,True
2022-01-18,-206.05251916156922,1,True
2022-01-19,-303.4824182195581,1,True
2022-01-20,-323.3432325551551,1,True
2022-01-23,-374.69586489027023,1,True
2022-01-24,-204.36078438721358,1,True
2022-01-25,-218.1656546189463,1,True
2022-01-26,-351.81890144911216,1,True
2022-01-30,-351.1587089289479,1,True
2022-01-31,-392.0509120036005,1,True
2022-02-01,-356.5639727787158,1,True
2022-02-02,-197.51257982251548,1,True
2022-02-03,-165.94235498205737,1,True
2022-02-06,-408.72951638180984,1,True
2022-02-07,-419.50987918807175,1,True
2022-02-08,-323.93626589435615,1,True
2022-02-09,-286.2491957292301,1,True
2022-02-10,-197.02326030550685,1,True
2022-02-13,-408.1032715992743,1,True
2022-02-14,-356.4409466473475,1,True
2022-02-15,-372.39986292479193,1,True
2022-02-16,-309.89387299061985,1,True
2022-02-17,-404.7199740018994,1,True
2022-02-20,-266.0351488848882,1,True
2022-02-21,-393.5403039369503,1,True
2022-02-22,-324.1790497108902,1,True
2022-02-23,-339.0894087994836,1,True
2022-02-24,-384.4595250590183,1,True
2022-02-27,-368.99711873235816,1,True
2022-02-28,-420.333691670751,1,True
2022-03-01,-446.69242367880645,1,True
2022-03-02,-499.6632381776866,1,True
2022-03-03,-394.8068026878839,1,True
2022-03-06,-352.6195311606724,1,True
2022-03-07,-319.660797624999,1,True
2022-03-08,-406.3061253530684,1,True
2022-03-09,-421.36817589697364,1,True
2022-03-10,-347.52123842211387,1,True
2022-03-13,-375.40336282504927,1,True
2022-03-14,-423.17340636660833,1,True
2022-03-15,-330.7021211507009,1,True
2022-03-16,-466.9883878309202,1,True
2022-03-17,-326.0058945550758,1,True
2022-03-20,-352.4663889952631,1,True
2022-03-21,-293.9471190237691,1,True
2022-03-22,-448.2275886713184,1,True
2022-03-23,-331.26793093451005,1,True
2022-03-24,-376.9428294262245,1,True
2022-03-27,-318.49274522593083,1,True
2022-03-28,-244.37869466841371,1,True
2022-03-31,-365.8810692985511,1,True
2022-04-03,-362.4786614222912,1,True
2022-04-04,-299.46315807586655,1,True
2022-04-05,-408.33302060443555,1,True
2022-04-06,-383.22822056597215,1,True
2022-04-07,-313.94333930183296,1,True
2022-04-10,-285.4081778841971,1,True
2022-04-11,-353.21127939711596,1,True
2022-04-12,-484.92336594477416,1,True
2022-04-13,-368.9227670811866,1,True
2022-04-17,-384.11428341286575,1,True
2022-04-18,-284.16899541871845,1,True
2022-04-19,-475.24775419085097,1,True
2022-04-20,-425.699931720623,1,True
2022-04-21,-341.50053176775873,1,True
2022-04-24,-313.9382342325222,1,True
2022-04-25,-457.4371480155571,1,True
2022-04-26,-318.96281806303136,1,True
2022-04-27,-413.79580609679476,1,True
2022-04-28,-431.64962315794304,1,True
2022-05-01,-337.6356497344413,1,True
2022-05-02,-496.66182477644116,1,True
2022-05-03,-176.78814634758155,1,True
2022-05-04,-453.2540064383157,1,True
2022-05-05,-303.8174565908298,1,True
2022-05-08,-417.6842368999982,1,True
2022-05-09,-331.1338725530819,1,True
2022-05-10,-306.4153197432947,1,True
2022-05-11,-318.1506626149786,1,True
2022-05-12,-304.35252881193014,1,True
2022-05-15,-279.19367981787354,1,True
2022-05-16,-403.21119188943754,1,True
2022-05-17,-398.6956016465579,1,True
2022-05-18,-288.0285929532075,1,True
2022-05-19,-366.1454651921523,1,True
2022-05-22,-449.0546041006301,1,True
2022-05-23,-329.2348566073339,1,True
2022-05-24,-387.09060232797174,1,True
2022-05-25,-413.38792527110564,1,True
2022-05-31,-355.01321028412093,1,True
2022-06-01,-337.22638475837937,1,True
2022-06-02,-343.08435173464494,1,True
2022-06-05,-309.2458583165871,1,True
2022-06-06,-363.22644709744947,1,True
2022-06-07,-331.1171437723574,1,True
2022-06-08,-288.2588997289876,1,True
2022-06-09,-278.382854612584,1,True
2022-06-12,-398.6493974158443,1,True
2022-06-13,-440.47582455069926,0,True
2022-06-14,-257.6571677850502,1,True
2022-06-15,-355.89795518549465,1,True
2022-06-16,-451.7501134078628,1,True
2022-06-19,-298.1722211008412,1,True
2022-06-20,-387.89485312021725,1,True
2022-06-21,-338.4712849568498,1,True
2022-06-22,-368.0874602237866,1,True
2022-06-23,-349.84586924541424,1,True
2022-06-26,-425.14418007525705,1,True
2022-06-27,-346.57097254990674,1,True
2022-06-28,-245.3842071979999,1,True
2022-06-29,-185.62690378861794,1,True
2022-06-30,-333.80526214613445,1,True
2022-07-03,-384.69103162923415,1,True
2022-07-04,-185.01638843753753,1,True
2022-07-05,-287.7018163735141,1,True
2022-07-06,-452.56448866456503,1,True
2022-07-07,-360.6693281596843,1,True
2022-07-10,-436.4319512517026,1,True
2022-07-11,-339.58516913162725,1,True
2022-07-12,-208.77684653099323,1,True
2022-07-13,-334.93507191267724,1,True
2022-07-14,-360.5755261746381,1,True
2022-07-17,-407.46813963912047,1,True
2022-07-18,-390.7115206722499,1,True
2022-07-19,-392.6662646214689,1,True
2022-07-20,-300.03782145634096,1,True
2022-07-21,-244.71067079210925,1,True
2022-07-24,-453.023009349315,1,True
2022-07-25,-409.2747732503188,1,True
2022-07-26,-193.32770449744623,1,True
2022-07-31,-380.92501801218344,1,True
2022-08-01,-387.59633801115626,1,True
2022-08-02,-324.6757486346266,1,True
2022-08-03,-386.5955232987103,1,True
2022-08-04,-184.62729885637972,1,True
2022-08-07,-449.6346609004756,1,True
2022-08-08,-401.45558426348765,1,True
2022-08-09,-195.5125583503602,1,True
2022-08-10,-375.09943879312834,1,True
2022-08-11,-401.3388125167089,1,True
2022-08-14,-266.477500153367,1,True
2022-08-15,-402.467597061441,1,True
2022-08-16,-414.59163325349454,1,True
2022-08-17,-416.5980853678086,1,True
2022-08-18,-338.25899205820207,1,True
2022-08-21,-364.37859821283797,1,True
2022-08-22,-281.46861065623006,1,True
2022-08-23,-376.797417040996,1,True
2022-08-24,-391.28183587214136,1,True
2022-08-25,-302.62021463795185,1,True
2022-08-28,-406.46255975772766,1,True
2022-08-29,-364.3039680413187,1,True
2022-08-30,-343.0084161902608,1,True
2022-08-31,-380.6405073261954,1,True
2022-09-01,-412.5143595955819,1,True
2022-09-04,-408.9738251285713,1,True
2022-09-05,-383.25579943746976,1,True
2022-09-06,-314.3349413991718,1,True
2022-09-07,-354.909560922081,1,True
2022-09-08,-394.2149371876858,1,True
2022-09-11,-406.16098542007387,1,True
2022-09-12,-162.92979852462508,1,True
2022-09-13,-459.64976903271474,1,True
2022-09-14,-217.15280477344592,1,True
2022-09-15,-309.52578816640505,1,True
2022-09-18,-419.90803520577464,1,True
2022-09-19,-423.352924213427,1,True
2022-09-20,-223.6110009599035,1,True
2022-09-21,-282.4653013059991,1,True
2022-09-22,-279.27090496407595,1,True
2022-09-25,-346.64242087714837,1,True
2022-09-26,-447.4309102215441,1,True
2022-09-27,-336.854768898631,1,True
2022-09-28,-406.91148578306405,1,True
2022-09-29,-442.6752650207787,1,True
2022-10-02,-268.90029528617094,1,True
2022-10-03,-405.2915051648152,1,True
2022-10-04,-440.79925302386715,1,True
2022-10-05,-375.0513237692596,1,True
2022-10-06,-249.0373493735401,1,True
2022-10-09,-352.5027997427171,1,True
2022-10-10,-296.8955620517094,1,True
2022-10-11,-393.9232926486832,1,True
2022-10-12,-161.16270041939794,1,True
2022-10-13,-392.00941825451173,1,True
2022-10-16,-384.995322630126,1,True
2022-10-17,-458.1754056560758,1,True
2022-10-18,-356.4362450743677,1,True
2022-10-19,-457.71529094444395,1,True
2022-10-20,-282.16550341447316,1,True
2022-10-23,-301.0782366059139,1,True
2022-10-24,-279.53983128123656,1,True
2022-10-25,-453.6666703742791,1,True
2022-10-26,-426.1407427363262,1,True
2022-10-27,-364.30810832099905,1,True
2022-10-30,-469.9115256234347,1,True
2022-10-31,-360.1140746396086,1,True
2022-11-01,-204.4281716843563,1,True
2022-11-02,-423.04789139382024,1,True
2022-11-03,-358.1192498935456,1,True
2022-11-06,-401.51021160771717,1,True
2022-11-07,-144.94020208443754,1,True
2022-11-08,-364.4727875483202,1,True
2022-11-09,-145.478399027343,1,True
2022-11-10,-405.8321964091117,1,True
2022-11-13,-475.2181736255341,1,True
2022-11-14,-283.67179594532286,1,True
2022-11-15,-481.06546657627865,1,True
2022-11-16,-407.11322549867594,1,True
2022-11-17,-434.4852334919082,1,True
2022-11-20,-396.7945852906337,1,True
2022-11-21,-461.41477017632366,1,True
2022-11-22,-304.3461157077416,1,True
2022-11-23,-426.7021920789098,1,True
2022-11-24,-437.73803114175837,1,True
2022-11-27,-452.81912079546095,1,True
2022-12-01,-147.07424842538788,1,True
2022-12-04,-229.5482975083618,1,True
2022-12-05,-471.9214789422572,1,True
2022-12-06,-359.94619944298745,1,True
2022-12-07,-431.97417663795915,1,True
2022-12-08,-385.2856639823924,1,True
2022-12-11,-463.4438899190594,1,True
2022-12-12,-167.28692127821833,1,True
2022-12-13,-232.26301142221322,1,True
2022-12-14,-352.45668840041617,1,True
2022-12-15,-306.1491740279264,1,True
2022-12-18,-326.5205270496845,1,True
2022-12-19,-351.9081946741569,1,True
2022-12-20,-372.48756503289917,1,True
2022-12-21,-304.13380481021863,1,True
2022-12-22,-336.16854771862995,1,True
2022-12-26,-216.98305069588503,1,True
2022-12-27,-461.7015928035206,1,True
2022-12-28,-407.4957701957029,1,True
2022-12-29,-398.4582166133237,1,True
2023-01-02,-377.81528987888566,1,True
2023-01-03,-406.6904500671875,1,True
2023-01-04,-358.4456330445427,1,True
2023-01-05,-201.57962000836395,1,True
2023-01-08,-378.04618111464254,1,True
2023-01-09,-447.772084232919,1,True
2023-01-10,-355.390426959245,1,True
2023-01-11,-264.93160957666413,1,True
2023-01-12,-393.27984201173405,1,True
2023-01-15,-372.92623312711174,1,True
2023-01-16,-409.8030142020223,1,True
2023-01-17,-427.173952890222,1,True
2023-01-18,-482.98066974082855,1,True
2023-01-19,-464.3162223353964,1,True
2023-01-22,-427.08529653640085,1,True
2023-01-23,-270.3917816674156,1,True
2023-01-24,-480.46159059226255,1,True
2023-01-25,-397.7469300180015,1,True
2023-01-26,-329.3331168819963,1,True
2023-02-19,-256.0690833008233,1,True
2023-02-20,-346.8406262284374,1,True
2023-02-21,-420.70071251543993,1,True
2023-02-22,-339.0701238227685,1,True
2023-02-23,-394.3046033786979,1,True
2023-02-26,-419.0328133492988,1,True
2023-02-27,-279.29588568054965,1,True
2023-02-28,-386.37137920348096,1,True
2023-03-01,-416.40875351017604,1,True
2023-03-02,-418.9522320352905,1,True
2023-03-05,-433.34421968432247,0,True
2023-03-06,-281.4168231473879,1,True
2023-03-07,-302.4920146169316,1,True
2023-03-08,-344.7404002199771,1,True
2023-03-09,-319.21465363177697,1,True
2023-03-12,-452.0891890095671,1,True
2023-03-13,-344.1120207646423,1,True
2023-03-14,-360.93740462579325,1,True
2023-03-15,-315.18904612755864,1,True
2023-03-16,-435.7797815839151,1,True
2023-03-19,-377.26113420450775,1,True
2023-03-20,-346.3933750449537,1,True
2023-03-21,-242.80577109555563,1,True
2023-03-22,-377.13439363368985,1,True
2023-03-23,-366.06583032709443,1,True
2023-03-26,-346.1759637087434,1,True
2023-03-27,-405.92141705899377,1,True
2023-03-28,-460.3028135788155,1,True
2023-04-02,-416.95128597391573,1,True
2023-04-03,-146.62498095318887,1,True
2023-04-04,-284.42095686899006,1,True
2023-04-05,-315.8091638244532,1,True
2023-04-09,-258.44506039071933,1,True
2023-04-10,-417.1962606136149,1,True
2023-04-11,-215.14709211576206,1,True
2023-04-12,-231.1570698163297,1,True
2023-04-13,-275.02805879799683,1,True
2023-04-16,-363.9394567243296,1,True
2023-04-17,-270.48842232110474,1,True
2023-04-18,-338.01683538973276,1,True
2023-04-19,-347.18601781811634,1,True
2023-04-20,-197.75198951092858,1,True
2023-04-23,-363.42604039342035,1,True
2023-04-24,-394.8562027794406,1,True
2023-04-25,-368.2294676651414,1,True
2023-04-26,-266.44227331029686,1,True
2023-04-27,-333.3223754170978,1,True
2023-04-30,-221.15124267607158,1,True
2023-05-01,-251.40883681627022,1,True
2023-05-02,-264.3294748200692,1,True
2023-05-03,-181.32610735115907,1,True
2023-05-04,-162.16768653479113,1,True
2023-05-07,-354.2500520470226,1,True
2023-05-08,-424.20992855205475,1,True
2023-05-09,-191.082365404179,1,True
2023-05-10,-210.0221750145052,1,True
2023-05-11,-382.08343407507215,1,True
2023-05-14,-414.0949440425845,1,True
2023-05-15,-340.9304688089172,1,True
2023-05-16,-315.82701925819384,1,True
2023-05-17,-347.698555168394,1,True
2023-05-18,-197.5575834850916,1,True
2023-05-21,-407.30577771958514,1,True
2023-05-22,-404.8811228657402,1,True
2023-05-23,-392.70994174196187,1,True
2023-05-24,-171.473006138265,1,True
2023-05-25,-279.8632243509538,1,True
2023-06-01,-224.85655302313768,1,True
2023-06-04,-198.73827745528632,1,True
2023-06-05,-323.47298388551076,1,True
2023-06-06,-333.13488645358274,1,True
2023-06-07,-211.1473084237936,1,True
2023-06-08,-277.81699379590094,1,True
2023-06-11,-342.141235324986,1,True
2023-06-12,-321.1965751998797,1,True
2023-06-13,-240.09899302767047,1,True
2023-06-14,-334.22447593590425,1,True
2023-06-15,-350.3708063552023,1,True
2023-06-18,-355.6177797591397,1,True
2023-06-19,-338.6952816544057,1,True
2023-06-20,-312.10322503799443,1,True
2023-06-21,-349.2138601194986,1,True
2023-06-22,-291.86791452649913,1,True
2023-06-25,-382.01599493697216,1,True
2023-06-26,-247.51050739759674,1,True
2023-06-27,-347.42849842590635,1,True
2023-06-28,-240.78634344719566,1,True
2023-06-29,-334.13467876612117,1,True
2023-07-02,-311.44054660509477,1,True
2023-07-03,-366.35483831015324,1,True
2023-07-04,-257.18773814175086,1,True
2023-07-05,-169.78579365623284,1,True
2023-07-06,-309.57961178234007,1,True
2023-07-09,-261.6407657363132,1,True
2023-07-10,-357.87765018175975,1,True
2023-07-11,-192.0182795238607,1,True
2023-07-12,-324.0204723437716,1,True
2023-07-13,-286.9967289615073,1,True
2023-07-16,-351.7209051234085,1,True
2023-07-17,-309.752493566777,1,True
2023-07-18,-418.1960356461449,1,True
2023-07-19,-388.8449113451763,1,True
2023-07-20,-353.8259311895684,1,True
2023-07-23,-352.4496562204389,0,True
2023-07-24,-349.16585211274,1,True
2023-07-25,-285.11412316940016,1,True
2023-07-26,-281.8283838287697,1,True
2023-08-01,-263.3198101888024,1,True
2023-08-02,-405.47334959151203,1,True
2023-08-03,-240.04553090968463,1,True
2023-08-06,-241.22566954184356,1,True
2023-08-07,-396.57761123127835,1,True
2023-08-08,-319.2832602827552,1,True
2023-08-09,-344.2816522807685,1,True
2023-08-10,-288.08329499186846,1,True
2023-08-13,-297.4028897156141,1,True
2023-08-14,-314.52592226336543,1,True
2023-08-15,-447.6262097293676,1,True
2023-08-16,-364.0610463152472,1,True
2023-08-17,-355.07983630972194,1,True
2023-08-20,-385.88035728228976,1,True
2023-08-21,-408.08292193184144,0,True
2023-08-22,-259.3158436818321,1,True
2023-08-23,-317.67149168358435,1,True
2023-08-24,-194.34174549994358,1,True
2023-08-27,-310.6347611084979,1,True
2023-08-28,-171.8524828681382,1,True
2023-08-29,-236.08104978016306,1,True
2023-08-30,-353.10921410611616,1,True
2023-08-31,-273.76336315468444,1,True
2023-09-03,-376.8325055481306,1,True
2023-09-04,-267.3382599253683,1,True
2023-09-05,-286.70889055705425,1,True
2023-09-06,-282.1764664272908,1,True
2023-09-07,-301.1079514658389,1,True
2023-09-10,-359.452841974071,1,True
2023-09-11,-336.3221245705291,1,True
2023-09-12,-272.9286626450983,1,True
2023-09-13,-310.52804280406775,1,True
2023-09-14,-276.86061283092664,1,True
2023-09-17,-356.39938185905066,1,True
2023-09-18,-349.4518557421324,1,True
2023-09-19,-262.95356281357977,1,True
2023-09-20,-377.49261547839563,1,True
2023-09-21,-446.8117550163644,1,True
2023-09-24,-220.0187349490606,1,True
2023-09-25,-330.15390413669513,1,True
2023-09-26,-404.8040955200027,1,True
2023-09-27,-321.24186363609243,1,True
2023-09-28,-313.350544181806,1,True
2023-10-01,-386.91168413116577,1,True
2023-10-02,-372.58660258688604,1,True
2023-10-03,-400.6910189466305,1,True
2023-10-04,-331.05992428825624,1,True
2023-10-05,-332.5763606966978,1,True
2023-10-08,-427.97061846120425,0,True
2023-10-09,-434.9255946096427,1,True
2023-10-10,-405.19317159361736,1,True
2023-10-11,-311.85277422826397,1,True
2023-10-12,-185.39497247059018,1,True
2023-10-15,-328.4253157892616,1,True
2023-10-16,-374.8659228789356,1,True
2023-10-17,-342.5196303750154,1,True
2023-10-18,-386.3468677124811,1,True
2023-10-19,-381.01276882925856,1,True
2023-10-22,-368.8407046869422,1,True
2023-10-23,-427.74787062974394,1,True
2023-10-24,-311.4852292782444,1,True
2023-10-25,-424.1272005977683,1,True
2023-10-26,-306.81972433125213,1,True
2023-10-29,-377.3068316955583,1,True
2023-10-30,-364.1218116648202,1,True
2023-10-31,-376.6380615163905,1,True
2023-11-01,-364.78325161314984,1,True
2023-11-02,-178.5003576225165,1,True
2023-11-05,-362.8128526434028,1,True
2023-11-06,-373.1405825876239,1,True
2023-11-07,-428.2049127645081,1,True
2023-11-08,-382.59940241486703,1,True
2023-11-09,-398.7940744489967,1,True
2023-11-12,-414.3317497044169,1,True
2023-11-13,-188.09485224363797,1,True
2023-11-14,-277.81129596546026,1,True
2023-11-15,-273.80625373137474,1,True
2023-11-16,-351.36025417604543,1,True
2023-11-19,-384.5365866755793,1,True
2023-11-20,-361.7758715549405,1,True
2023-11-21,-289.1749955774097,1,True
2023-11-22,-346.07654898426557,1,True
2023-11-23,-210.6471710862929,1,True
2023-11-26,-240.55154592402715,1,True
2023-11-27,-378.49798668008606,1,True
2023-11-30,-390.1499751092411,1,True
2023-12-03,-240.2989009289145,1,True
2023-12-04,-382.5839553696333,1,True
2023-12-05,-394.34877698607517,1,True
2023-12-06,-345.1762648198686,1,True
2023-12-07,-256.7252590187483,1,True
2023-12-10,-401.56774317821987,1,True
2023-12-11,-253.7095918757982,1,True
2023-12-12,-166.94168075929238,1,True
2023-12-13,-338.0178352914632,1,True
2023-12-14,-238.2307131031199,1,True
2023-12-17,-239.75373027647814,1,True
2023-12-18,-259.6857215640059,1,True
2023-12-19,-398.8356210717882,1,True
2023-12-20,-301.46316562343316,1,True
2023-12-21,-369.919093716424,1,True
2023-12-25,-344.31951072938307,1,True
2023-12-26,-305.0261322563723,1,True
2023-12-27,-404.09293199829455,1,True
2023-12-28,-415.6489282857122,1,True
2024-01-01,-348.9124163501556,1,True
2024-01-02,-302.65280409320076,1,True
2024-01-03,-383.17972223450056,1,True
2024-01-04,-255.51584959401774,1,True
2024-01-07,-389.38998555724055,1,True
2024-01-08,-365.82851387177834,1,True
2024-01-09,-491.7646496667141,1,True
2024-01-10,-256.5482786289355,1,True
2024-01-11,-371.34760811425264,1,True
2024-01-14,-344.6827179275828,0,True
2024-01-15,-294.33945039202206,1,True
2024-01-16,-396.9765066480829,1,True
2024-01-17,-486.93237253038416,1,True
2024-01-18,-407.68640552346915,1,True
2024-01-21,-439.9697516380298,1,True
2024-01-22,-338.32305852222675,1,True
2024-01-23,-299.64481747872276,1,True
2024-01-24,-434.9627766950172,1,True
2024-01-25,-376.2328223637327,1,True
2024-01-28,-287.1830088056705,1,True
2024-01-31,-331.7544687018213,1,True
2024-02-01,-154.0422993265041,1,True
2024-02-04,-448.53395275474566,1,True
2024-02-05,-366.45659053729327,1,True
2024-02-06,-210.1852418085343,1,True
2024-02-07,-291.01693666909694,1,True
2024-02-08,-292.0131276062517,1,True
2024-02-11,-338.76820522175177,1,True
2024-02-12,-168.41579244976535,1,True
2024-02-13,-398.99513165533494,1,True
2024-02-14,-286.4037083482901,1,True
2024-02-15,-246.74346338529597,1,True
2024-02-18,-398.40141059942874,1,True
2024-02-19,-406.51702575660585,1,True
2024-02-20,-397.6381456558803,1,True
2024-02-21,-426.34124941331044,1,True
2024-02-22,-422.74108969783293,1,True
2024-02-25,-432.9709979465013,1,True
2024-02-26,-447.4755118838065,1,True
2024-02-27,-383.3107970341133,1,True
2024-02-28,-167.47197629305543,1,True
2024-02-29,-308.7394690289904,1,True
2024-03-03,-311.8489212941639,1,True
2024-03-04,-262.6505957002723,1,True
2024-03-05,-370.31727270468446,1,True
2024-03-06,-385.71068594677223,1,True
2024-03-07,-283.7687879210771,1,True
2024-03-10,-416.139303081274,1,True
2024-03-11,-235.25936365634348,1,True
2024-03-12,-372.0019776232732,1,True
2024-03-13,-355.1698777811182,1,True
2024-03-14,-436.67315988574654,1,True
2024-03-17,-386.98479399743275,1,True
2024-03-18,-339.872003940686,1,True
2024-03-19,-237.68648263329132,1,True
2024-03-20,-266.2857381613721,1,True
2024-03-21,-408.65846006545553,1,True
2024-03-24,-318.23622092710315,1,True
2024-03-25,-361.3012975290525,1,True
2024-03-31,-361.79787331432243,1,True
2024-04-01,-380.7149376205413,1,True
2024-04-02,-399.20635677186874,1,True
2024-04-03,-308.8903964634852,1,True
2024-04-04,-264.81866142023136,1,True
2024-04-07,-294.59916387075293,1,True
2024-04-08,-314.8169506344247,1,True
2024-04-09,-300.8568083880319,1,True
2024-04-10,-457.2919834420948,1,True
2024-04-11,-297.513576850374,1,True
2024-04-14,-307.434337709692,1,True
2024-04-15,-348.80864161900973,1,True
2024-04-16,-311.16642723029673,1,True
2024-04-17,-335.87611474132876,1,True
2024-04-18,-319.8343197926904,1,True
2024-04-21,-372.9954182805164,1,True
2024-04-22,-247.37869014955754,1,True
2024-04-23,-418.85243704244886,1,True
2024-04-24,-250.63624529977815,1,True
2024-04-25,-393.77275180694977,1,True
2024-04-28,-455.74003662336355,1,True
2024-04-29,-343.98826235489963,1,True
2024-04-30,-282.05083631325454,1,True
2024-05-01,-341.18322761422826,1,True
2024-05-02,-210.51272098040647,1,True
2024-05-05,-309.0747128574909,1,True
2024-05-06,-444.47957165722477,1,True
2024-05-07,-423.47895830488073,1,True
2024-05-08,-312.16610368103653,1,True
2024-05-09,-405.64492919850244,1,True
2024-05-12,-370.5258168468461,1,True
2024-05-13,-418.72497993013405,1,True
2024-05-14,-312.3767733402796,1,True
2024-05-15,-411.0843762409288,1,True
2024-05-16,-361.27952222054273,1,True
2024-05-19,-415.7064973731304,1,True
2024-05-20,-447.9877115003782,1,True
2024-05-21,-222.8891082063567,1,True
2024-05-22,-353.96112975234655,1,True
2024-05-23,-385.3127579805684,0,True
2024-05-26,-337.1970563287393,1,True
2024-05-27,-364.2521661059693,1,True
2024-05-28,-449.18197425987853,1,True
2024-06-02,-391.4675347580349,1,True
2024-06-03,-306.9188656761618,1,True
2024-06-04,-301.47956377806963,1,True
2024-06-05,-347.68456721679735,1,True
2024-06-06,-297.9966344572388,1,True
2024-06-09,-449.80501755688414,1,True
2024-06-10,-441.3225399921475,1,True
2024-06-11,-277.3628317677266,1,True
2024-06-12,-312.3340518407148,1,True
2024-06-13,-450.5472346626796,1,True
2024-06-16,-288.4018627822339,1,True
2024-06-17,-325.4387439723034,1,True
2024-06-18,-411.5207749612256,1,True
2024-06-19,-341.0659755986306,1,True
2024-06-20,-252.8842247220642,1,True
2024-06-23,-398.7078578919023,1,True
2024-06-24,-395.8696968870053,1,True
2024-06-25,-364.57193871412954,1,True
2024-06-26,-344.53274679998685,1,True
2024-06-27,-350.723755370817,1,True
2024-06-30,-354.6160367462738,1,True
2024-07-01,-353.82956078827635,1,True
2024-07-02,-372.778725982934,1,True
2024-07-03,-394.1372476934887,1,True
2024-07-04,-279.41645419381103,1,True
2024-07-07,-234.08170834918698,1,True
2024-07-08,-388.80418368417213,1,True
2024-07-09,-391.292299761241,1,True
2024-07-10,-176.58316817500346,1,True
2024-07-11,-290.4962080427527,1,True
2024-07-14,-308.95173581083867,1,True
2024-07-15,-376.03191236933543,1,True
2024-07-16,-379.0114542761809,1,True
2024-07-17,-376.45033138421275,0,True
2024-07-18,-342.1230052029764,1,True
2024-07-21,-393.63202308985683,1,True
2024-07-22,-465.18497536872997,1,True
2024-07-23,-427.5374591690637,1,True
2024-07-24,-362.6586058370988,1,True
2024-07-25,-399.3941111079016,1,True
2024-07-28,-316.7023496936597,1,True
2024-07-31,-322.73763134031014,1,True
2024-08-01,-231.29380020949017,1,True
2024-08-04,-408.9733871822233,1,True
2024-08-05,-351.71514194374373,1,True
2024-08-06,-485.4182985581732,1,True
2024-08-07,-408.57892655665194,1,True
2024-08-08,-361.89305557360586,1,True
2024-08-11,-344.93529075411686,1,True
2024-08-12,-347.39475607736375,1,True
2024-08-13,-259.002193667351,1,True
2024-08-14,-256.1820791839525,1,True
2024-08-15,-303.211909408185,1,True
2024-08-18,-380.4953598227818,1,True
2024-08-19,-254.27785881303598,1,True
2024-08-20,-450.2562272508411,1,True
2024-08-21,-312.3389103858784,1,True
2024-08-22,-187.22215500357208,1,True
2024-08-25,-322.3579958626781,1,True
2024-08-26,-426.77281678215803,1,True
2024-08-27,-417.99323397487467,1,True
2024-08-28,-348.2549444386215,1,True
2024-08-29,-392.3422381045462,1,True
2024-09-01,-313.42446571906015,1,True
2024-09-02,-279.34032963586884,1,True
2024-09-03,-335.75712791961325,1,True
2024-09-04,-376.83522027439676,1,True
2024-09-05,-295.4691837498609,1,True
2024-09-08,-371.1615639447898,1,True
2024-09-09,-418.47425549904824,1,True
2024-09-10,-251.51671836332167,1,True
2024-09-11,-270.33422419768453,1,True
2024-09-12,-429.8857190239376,1,True
2024-09-15,-335.3143332940364,1,True
2024-09-16,-365.3409806590231,1,True
2024-09-17,-237.46967964109652,1,True
2024-09-18,-354.03267416966304,1,True
2024-09-19,-375.3997565100937,1,True
2024-09-22,-420.54999378741496,1,True
2024-09-23,-420.6855561134286,1,True
2024-09-24,-360.7791765735322,1,True
2024-09-25,-269.449136196528,1,True
2024-09-26,-354.69233071849624,1,True
2024-09-29,-379.7158634672113,1,True
2024-09-30,-275.01607243126927,1,True
2024-10-01,-337.1678154541547,1,True
2024-10-02,-425.54590072749295,1,True
2024-10-03,-287.6352949799573,1,True
2024-10-06,-320.3592549399082,1,True
2024-10-07,-418.03266473431387,1,True
2024-10-08,-429.7045465782266,0,True
2024-10-09,-384.41245421442164,1,True
2024-10-10,-452.4658952796268,1,True
2024-10-13,-332.61159735964026,1,True
2024-10-14,-399.54789404702007,1,True
2024-10-15,-362.4828337675561,1,True
2024-10-16,-464.83274812503987,1,True
2024-10-17,-439.25870326856653,1,True
2024-10-20,-380.50265481718037,1,True
2024-10-21,-470.18764041861743,1,True
2024-10-22,-332.5464507607886,1,True
2024-10-23,-322.7905718971586,1,True
2024-10-24,-364.8388663234334,1,True
2024-10-27,-436.91715297261254,1,True
2024-10-28,-426.06172023126436,1,True
2024-10-29,-286.86875934852657,1,True
2024-10-30,-327.88371170189976,1,True
2024-10-31,-374.4867695024476,1,True
2024-11-03,-405.85963944444796,1,True
2024-11-04,-439.0531621558092,1,True
2024-11-05,-321.8865145566235,1,True
2024-11-06,-366.0177223227253,1,True
2024-11-07,-448.02196136432264,1,True
2024-11-10,-292.28361245250437,1,True
2024-11-11,-408.77709529412533,1,True
2024-11-12,-378.07919799413446,1,True
2024-11-13,-443.74390572330776,1,True
2024-11-14,-431.8856679079781,1,True
2024-11-17,-283.0297475572162,1,True
2024-11-18,-405.99062715505903,1,True
2024-11-19,-436.73118396858905,1,True
2024-11-20,-462.2816571221831,1,True
2024-11-21,-442.248889842404,1,True
2024-11-24,-248.491581306924,1,True
2024-11-25,-328.3697785617918,1,True
2024-12-01,-412.1213763326576,1,True
2024-12-02,-398.66345847474935,1,True
2024-12-03,-366.18330108811887,1,True
2024-12-04,-374.1519184712735,1,True
2024-12-05,-298.6887475077573,1,True
2024-12-08,-270.5711318811673,1,True
2024-12-09,-458.68998050875155,1,True
2024-12-10,-341.69941815249376,1,True
2024-12-11,-299.5383738969475,1,True
2024-12-12,-377.4546982016033,1,True
2024-12-15,-398.7791633807931,1,True
2024-12-16,-449.14509407564793,1,True
2024-12-17,-230.44500858216426,1,True
2024-12-18,-423.6660946706555,0,True
2024-12-19,-391.71803276457547,1,True
2024-12-22,-484.2925055733843,1,True
2024-12-23,-404.42063294421916,1,True
2024-12-25,-398.62924169938424,1,True
2024-12-26,-414.5352412343719,1,True
2024-12-29,-347.6176907199802,1,True
2024-12-30,-376.9746789076666,1,True
